{"count":1,"self":13.257615999999999,"total":13.2960686,"children":{"InitializeActuators":{"count":1,"self":0.0020044999999999998,"total":0.0020044999999999998,"children":null},"InitializeSensors":{"count":1,"self":0.0021275,"total":0.0021275,"children":null},"AgentSendState":{"count":440,"self":0.00097829999999999987,"total":0.013006199999999999,"children":{"CollectObservations":{"count":44,"self":0,"total":0,"children":null},"WriteActionMask":{"count":44,"self":0.0010000999999999999,"total":0.0010000999999999999,"children":null},"RequestDecision":{"count":44,"self":0.011027799999999999,"total":0.011027799999999999,"children":null}}},"DecideAction":{"count":440,"self":0.0060107999999999993,"total":0.0060107999999999993,"children":null},"AgentAct":{"count":440,"self":0.0143039,"total":0.0143039,"children":null}},"gauges":{},"metadata":{"timer_format_version":"0.1.0","start_time_seconds":"1679586867","unity_version":"2021.3.19f1","command_line_arguments":"D:\\Unity\\2021.3.19f1\\Editor\\Unity.exe -projectPath D:\\Unity\\Unity Projects\\FP - Copy","communication_protocol_version":"1.5.0","com.unity.ml-agents_version":"2.2.1-exp.1","scene_name":"Godor","end_time_seconds":"1679586880"}}