{
    "name": "root",
    "gauges": {
        "Player.Policy.Entropy.mean": {
            "value": 1.4091910123825073,
            "min": 1.4091910123825073,
            "max": 1.4091910123825073,
            "count": 1
        },
        "Player.Policy.Entropy.sum": {
            "value": 38978.22265625,
            "min": 38978.22265625,
            "max": 38978.22265625,
            "count": 1
        },
        "Player.Step.mean": {
            "value": 249954.0,
            "min": 249954.0,
            "max": 249954.0,
            "count": 1
        },
        "Player.Step.sum": {
            "value": 249954.0,
            "min": 249954.0,
            "max": 249954.0,
            "count": 1
        },
        "Player.Policy.ExtrinsicValueEstimate.mean": {
            "value": 0.22587211430072784,
            "min": 0.22587211430072784,
            "max": 0.22587211430072784,
            "count": 1
        },
        "Player.Policy.ExtrinsicValueEstimate.sum": {
            "value": 107.28925323486328,
            "min": 107.28925323486328,
            "max": 107.28925323486328,
            "count": 1
        },
        "Player.Environment.EpisodeLength.mean": {
            "value": 294.82608695652175,
            "min": 294.82608695652175,
            "max": 294.82608695652175,
            "count": 1
        },
        "Player.Environment.EpisodeLength.sum": {
            "value": 27124.0,
            "min": 27124.0,
            "max": 27124.0,
            "count": 1
        },
        "Player.Environment.CumulativeReward.mean": {
            "value": -0.010826081991620847,
            "min": -0.010826081991620847,
            "max": -0.010826081991620847,
            "count": 1
        },
        "Player.Environment.CumulativeReward.sum": {
            "value": -0.995999543229118,
            "min": -0.995999543229118,
            "max": -0.995999543229118,
            "count": 1
        },
        "Player.Policy.ExtrinsicReward.mean": {
            "value": -0.010826081991620847,
            "min": -0.010826081991620847,
            "max": -0.010826081991620847,
            "count": 1
        },
        "Player.Policy.ExtrinsicReward.sum": {
            "value": -0.995999543229118,
            "min": -0.995999543229118,
            "max": -0.995999543229118,
            "count": 1
        },
        "Player.Losses.PolicyLoss.mean": {
            "value": 0.02239672000578139,
            "min": 0.02239672000578139,
            "max": 0.02239672000578139,
            "count": 1
        },
        "Player.Losses.PolicyLoss.sum": {
            "value": 0.04479344001156278,
            "min": 0.04479344001156278,
            "max": 0.04479344001156278,
            "count": 1
        },
        "Player.Losses.ValueLoss.mean": {
            "value": 0.017280553452049693,
            "min": 0.017280553452049693,
            "max": 0.017280553452049693,
            "count": 1
        },
        "Player.Losses.ValueLoss.sum": {
            "value": 0.03456110690409939,
            "min": 0.03456110690409939,
            "max": 0.03456110690409939,
            "count": 1
        },
        "Player.Policy.LearningRate.mean": {
            "value": 0.00015725554758150005,
            "min": 0.00015725554758150005,
            "max": 0.00015725554758150005,
            "count": 1
        },
        "Player.Policy.LearningRate.sum": {
            "value": 0.0003145110951630001,
            "min": 0.0003145110951630001,
            "max": 0.0003145110951630001,
            "count": 1
        },
        "Player.Policy.Epsilon.mean": {
            "value": 0.1524185,
            "min": 0.1524185,
            "max": 0.1524185,
            "count": 1
        },
        "Player.Policy.Epsilon.sum": {
            "value": 0.304837,
            "min": 0.304837,
            "max": 0.304837,
            "count": 1
        },
        "Player.Policy.Beta.mean": {
            "value": 0.002625683149999999,
            "min": 0.002625683149999999,
            "max": 0.002625683149999999,
            "count": 1
        },
        "Player.Policy.Beta.sum": {
            "value": 0.005251366299999998,
            "min": 0.005251366299999998,
            "max": 0.005251366299999998,
            "count": 1
        },
        "Player.IsTraining.mean": {
            "value": 1.0,
            "min": 1.0,
            "max": 1.0,
            "count": 1
        },
        "Player.IsTraining.sum": {
            "value": 1.0,
            "min": 1.0,
            "max": 1.0,
            "count": 1
        }
    },
    "metadata": {
        "timer_format_version": "0.1.0",
        "start_time_seconds": "1680460033",
        "python_version": "3.8.16 (default, Mar  2 2023, 03:18:16) [MSC v.1916 64 bit (AMD64)]",
        "command_line_arguments": "C:\\Users\\User\\.conda\\envs\\mlagents\\Scripts\\mlagents-learn --resume",
        "mlagents_version": "0.27.0",
        "mlagents_envs_version": "0.27.0",
        "communication_protocol_version": "1.5.0",
        "pytorch_version": "1.7.1+cu110",
        "numpy_version": "1.23.5",
        "end_time_seconds": "1680460615"
    },
    "total": 581.531777,
    "count": 1,
    "self": 0.03294080000011945,
    "children": {
        "run_training.setup": {
            "total": 0.12315509999999996,
            "count": 1,
            "self": 0.12315509999999996
        },
        "TrainerController.start_learning": {
            "total": 581.3756811,
            "count": 1,
            "self": 0.8758425999975543,
            "children": {
                "TrainerController._reset_env": {
                    "total": 15.4913402,
                    "count": 1,
                    "self": 15.4913402
                },
                "TrainerController.advance": {
                    "total": 564.3758541000025,
                    "count": 11741,
                    "self": 0.935663499996167,
                    "children": {
                        "env_step": {
                            "total": 508.3136521000032,
                            "count": 11741,
                            "self": 450.0836097000023,
                            "children": {
                                "SubprocessEnvManager._take_step": {
                                    "total": 57.67813340000001,
                                    "count": 11741,
                                    "self": 2.796776099998631,
                                    "children": {
                                        "TorchPolicy.evaluate": {
                                            "total": 54.881357300001376,
                                            "count": 11574,
                                            "self": 12.753594000005243,
                                            "children": {
                                                "TorchPolicy.sample_actions": {
                                                    "total": 42.12776329999613,
                                                    "count": 11574,
                                                    "self": 42.12776329999613
                                                }
                                            }
                                        }
                                    }
                                },
                                "workers": {
                                    "total": 0.5519090000009008,
                                    "count": 11740,
                                    "self": 0.0,
                                    "children": {
                                        "worker_root": {
                                            "total": 563.899842000003,
                                            "count": 11740,
                                            "is_parallel": true,
                                            "self": 163.3060977000036,