{
    "name": "root",
    "metadata": {
        "timer_format_version": "0.1.0",
        "start_time_seconds": "1679719544",
        "python_version": "3.8.5 (tags/v3.8.5:580fbb0, Jul 20 2020, 15:57:54) [MSC v.1924 64 bit (AMD64)]",
        "command_line_arguments": "C:\\Users\\Adinda\\AppData\\Local\\Programs\\PythonCodingPack\\Scripts\\mlagents-learn --force",
        "mlagents_version": "0.27.0",
        "mlagents_envs_version": "0.27.0",
        "communication_protocol_version": "1.5.0",
        "pytorch_version": "1.7.1+cu110",
        "numpy_version": "1.21.2",
        "end_time_seconds": "1679719564"
    },
    "total": 19.316639300000002,
    "count": 1,
    "self": 0.01244480000000081,
    "children": {
        "run_training.setup": {
            "total": 0.2673789,
            "count": 1,
            "self": 0.2673789
        },
        "TrainerController.start_learning": {
            "total": 19.0368156,
            "count": 1,
            "self": 0.00014820000000170808,
            "children": {
                "TrainerController._reset_env": {
                    "total": 17.6533993,
                    "count": 1,
                    "self": 17.6533993
                },
                "TrainerController.advance": {
                    "total": 1.3398152000000003,
                    "count": 1,
                    "self": 6.100000000230921e-06,
                    "children": {
                        "env_step": {
                            "total": 1.3398091,
                            "count": 1,
                            "self": 0.0002780999999991707,
                            "children": {
                                "SubprocessEnvManager._take_step": {
                                    "total": 1.339531000000001,
                                    "count": 1,
                                    "self": 1.5699999998730618e-05,
                                    "children": {
                                        "TorchPolicy.evaluate": {
                                            "total": 1.3395153000000022,
                                            "count": 1,
                                            "self": 0.003605800000002546,
                                            "children": {
                                                "TorchPolicy.sample_actions": {
                                                    "total": 1.3359094999999996,
                                                    "count": 1,
                                                    "self": 1.3359094999999996
                                                }
                                            }
                                        }
                                    }
                                }
                            }
                        }
                    }
                },
                "TrainerController._save_models": {
                    "total": 0.04345289999999835,
                    "count": 1,
                    "self": 1.9500000000505224e-05,
                    "children": {
                        "RLTrainer._checkpoint": {
                            "total": 0.043433399999997846,
                            "count": 1,
                            "self": 0.043433399999997846
                        }
                    }
                }
            }
        }
    }
}